{
    "keep": {
        "days": true,
        "amount": 14
    },
    "auditLog": "logs\\.8e85b6a1b33d9304dbe1895ad4fd30ecd6d7e7d2-audit.json",
    "files": [
        {
            "date": 1757725721267,
            "name": "logs\\genai-2025-09-13.log",
            "hash": "37bec6359a792bece0ec7fc49d99f1d644c5db478f4de3de630488d067e01557"
        },
        {
            "date": 1757783353890,
            "name": "logs\\genai-2025-09-14.log",
            "hash": "fdf6f0b2f15c24394055fb11f007b17aab0affc40a7f9faf1c5777d99fa62480"
        },
        {
            "date": 1757898238305,
            "name": "logs\\genai-2025-09-15.log",
            "hash": "2f0117d1af67c4889f966b1d426a6715b511c1cd190a36ae1e3d31ed49668908"
        },
        {
            "date": 1757952322818,
            "name": "logs\\genai-2025-09-16.log",
            "hash": "6b708ea64219c40c57e13d0ef71a77fac40022f4a82e79d88782d3f73c07e080"
        }
    ],
    "hashType": "sha256"
}